{
    "schema_version": 1,
    "vivid_version": "0.1.0",
    "nodes": {
        "particles": {
            "type": "Particles3D",
            "pkg": {
                "name": "vivid-3d",
                "version": "0.1.0"
            },
            "params": {
                "elongation": 12.113226890563965,
                "a": 0.800000011920929,
                "lifetime": 20.53215217590332,
                "drag": 0.99609375,
                "noise_speed": 0.1499430388212204,
                "emission": 1.0,
                "noise_octaves": 2.0,
                "count": 100000.0,
                "b": 0.20000000298023224,
                "unlit": 1.0,
                "noise_scale": 4.934811592102051,
                "spread": 30.0,
                "size": 0.02883978933095932,
                "speed": 1.0579427480697632,
                "curl_strength": 6.4827470779418945,
                "gravity": 0.0,
                "emission_rate": 1467.556396484375,
                "r": 0.4877115786075592,
                "shape": 1.0,
                "g": 0.5496147871017456
            },
            "layout": {
                "x": 57.895294189453125,
                "y": 334.59832763671875
            }
        },
        "light": {
            "type": "Light3D",
            "pkg": {
                "name": "vivid-3d",
                "version": "0.1.0"
            },
            "params": {
                "intensity": 3.2112631797790527,
                "type": 0.0
            },
            "layout": {
                "x": -13.825050354003906,
                "y": 615.9121704101562
            }
        },
        "merge": {
            "type": "SceneMerge",
            "pkg": {
                "name": "vivid-3d",
                "version": "0.1.0"
            }
        },
        "render": {
            "type": "Render3D",
            "pkg": {
                "name": "vivid-3d",
                "version": "0.1.0"
            },
            "params": {
                "cam_z": 8.0,
                "cam_y": 3.0
            },
            "layout": {
                "x": 630.0,
                "y": 423.13763427734375
            },
            "resolution": [
                1920,
                1080
            ]
        },
        "vout": {
            "type": "video_out",
            "layout": {
                "x": 941.8571166992188,
                "y": 369.9976806640625
            }
        },
        "Shape3D1": {
            "type": "Shape3D",
            "pkg": {
                "name": "vivid-3d",
                "version": "0.1.0"
            },
            "params": {
                "emission": 1.5061442852020264,
                "metallic": 0.7390543818473816,
                "pos_x": -5.60302734375,
                "roughness": 0.2331678569316864,
                "a": 0.4861518144607544,
                "r": 0.0316297747194767,
                "shape": 6.0,
                "b": 0.2559814453125,
                "g": 0.0
            },
            "layout": {
                "x": -184.6062469482422,
                "y": 381.8129577636719
            }
        }
    },
    "connections": [
        {
            "from": "particles/scene",
            "to": "merge/scene_a"
        },
        {
            "from": "light/scene",
            "to": "merge/scene_b"
        },
        {
            "from": "merge/scene",
            "to": "render/scene"
        },
        {
            "from": "Shape3D1/scene",
            "to": "particles/scene"
        },
        {
            "from": "render/texture",
            "to": "vout/input"
        }
    ],
    "viewport": {
        "pan_x": 218.47532653808594,
        "pan_y": 99.6919174194336,
        "zoom": 0.7793283462524414
    }
}
